transaction_id,customer_id,amount_cad,debit_credit,transaction_datetime,merchant_category,ecommerce_ind,country,province,city
fake_data_0,fake_data_0,500,fake_data_0,fake_data_0,181,73,fake_data_0,fake_data_0,fake_data_0
fake_data_1,fake_data_1,883,fake_data_1,fake_data_1,272,938,fake_data_1,fake_data_1,fake_data_1
fake_data_2,fake_data_2,144,fake_data_2,fake_data_2,437,543,fake_data_2,fake_data_2,fake_data_2
fake_data_3,fake_data_3,662,fake_data_3,fake_data_3,807,685,fake_data_3,fake_data_3,fake_data_3
fake_data_4,fake_data_4,652,fake_data_4,fake_data_4,617,671,fake_data_4,fake_data_4,fake_data_4
fake_data_5,fake_data_5,354,fake_data_5,fake_data_5,239,139,fake_data_5,fake_data_5,fake_data_5
fake_data_6,fake_data_6,768,fake_data_6,fake_data_6,831,229,fake_data_6,fake_data_6,fake_data_6
fake_data_7,fake_data_7,666,fake_data_7,fake_data_7,30,435,fake_data_7,fake_data_7,fake_data_7
fake_data_8,fake_data_8,144,fake_data_8,fake_data_8,819,47,fake_data_8,fake_data_8,fake_data_8
fake_data_9,fake_data_9,381,fake_data_9,fake_data_9,671,87,fake_data_9,fake_data_9,fake_data_9
fake_data_10,fake_data_10,857,fake_data_10,fake_data_10,184,423,fake_data_10,fake_data_10,fake_data_10
fake_data_11,fake_data_11,581,fake_data_11,fake_data_11,424,346,fake_data_11,fake_data_11,fake_data_11
fake_data_12,fake_data_12,774,fake_data_12,fake_data_12,987,59,fake_data_12,fake_data_12,fake_data_12
fake_data_13,fake_data_13,134,fake_data_13,fake_data_13,606,337,fake_data_13,fake_data_13,fake_data_13
fake_data_14,fake_data_14,161,fake_data_14,fake_data_14,72,627,fake_data_14,fake_data_14,fake_data_14
fake_data_15,fake_data_15,471,fake_data_15,fake_data_15,699,245,fake_data_15,fake_data_15,fake_data_15
fake_data_16,fake_data_16,762,fake_data_16,fake_data_16,267,325,fake_data_16,fake_data_16,fake_data_16
fake_data_17,fake_data_17,516,fake_data_17,fake_data_17,577,273,fake_data_17,fake_data_17,fake_data_17
fake_data_18,fake_data_18,698,fake_data_18,fake_data_18,670,554,fake_data_18,fake_data_18,fake_data_18
fake_data_19,fake_data_19,995,fake_data_19,fake_data_19,54,446,fake_data_19,fake_data_19,fake_data_19
fake_data_20,fake_data_20,858,fake_data_20,fake_data_20,730,240,fake_data_20,fake_data_20,fake_data_20
fake_data_21,fake_data_21,544,fake_data_21,fake_data_21,23,824,fake_data_21,fake_data_21,fake_data_21
fake_data_22,fake_data_22,937,fake_data_22,fake_data_22,686,20,fake_data_22,fake_data_22,fake_data_22
fake_data_23,fake_data_23,877,fake_data_23,fake_data_23,425,709,fake_data_23,fake_data_23,fake_data_23
fake_data_24,fake_data_24,304,fake_data_24,fake_data_24,260,327,fake_data_24,fake_data_24,fake_data_24
fake_data_25,fake_data_25,557,fake_data_25,fake_data_25,535,698,fake_data_25,fake_data_25,fake_data_25
fake_data_26,fake_data_26,587,fake_data_26,fake_data_26,887,971,fake_data_26,fake_data_26,fake_data_26
fake_data_27,fake_data_27,887,fake_data_27,fake_data_27,444,309,fake_data_27,fake_data_27,fake_data_27
fake_data_28,fake_data_28,15,fake_data_28,fake_data_28,197,149,fake_data_28,fake_data_28,fake_data_28
fake_data_29,fake_data_29,993,fake_data_29,fake_data_29,864,938,fake_data_29,fake_data_29,fake_data_29
fake_data_30,fake_data_30,0,fake_data_30,fake_data_30,25,867,fake_data_30,fake_data_30,fake_data_30
fake_data_31,fake_data_31,92,fake_data_31,fake_data_31,391,282,fake_data_31,fake_data_31,fake_data_31
fake_data_32,fake_data_32,593,fake_data_32,fake_data_32,558,768,fake_data_32,fake_data_32,fake_data_32
fake_data_33,fake_data_33,662,fake_data_33,fake_data_33,98,241,fake_data_33,fake_data_33,fake_data_33
fake_data_34,fake_data_34,295,fake_data_34,fake_data_34,683,104,fake_data_34,fake_data_34,fake_data_34
fake_data_35,fake_data_35,405,fake_data_35,fake_data_35,717,398,fake_data_35,fake_data_35,fake_data_35
fake_data_36,fake_data_36,204,fake_data_36,fake_data_36,453,209,fake_data_36,fake_data_36,fake_data_36
fake_data_37,fake_data_37,639,fake_data_37,fake_data_37,567,661,fake_data_37,fake_data_37,fake_data_37
fake_data_38,fake_data_38,836,fake_data_38,fake_data_38,207,572,fake_data_38,fake_data_38,fake_data_38
fake_data_39,fake_data_39,281,fake_data_39,fake_data_39,230,617,fake_data_39,fake_data_39,fake_data_39
fake_data_40,fake_data_40,676,fake_data_40,fake_data_40,922,467,fake_data_40,fake_data_40,fake_data_40
fake_data_41,fake_data_41,160,fake_data_41,fake_data_41,955,46,fake_data_41,fake_data_41,fake_data_41
fake_data_42,fake_data_42,797,fake_data_42,fake_data_42,153,769,fake_data_42,fake_data_42,fake_data_42
fake_data_43,fake_data_43,331,fake_data_43,fake_data_43,274,596,fake_data_43,fake_data_43,fake_data_43
fake_data_44,fake_data_44,911,fake_data_44,fake_data_44,655,101,fake_data_44,fake_data_44,fake_data_44
fake_data_45,fake_data_45,209,fake_data_45,fake_data_45,162,990,fake_data_45,fake_data_45,fake_data_45
fake_data_46,fake_data_46,684,fake_data_46,fake_data_46,663,466,fake_data_46,fake_data_46,fake_data_46
fake_data_47,fake_data_47,479,fake_data_47,fake_data_47,573,272,fake_data_47,fake_data_47,fake_data_47
fake_data_48,fake_data_48,75,fake_data_48,fake_data_48,535,564,fake_data_48,fake_data_48,fake_data_48
fake_data_49,fake_data_49,816,fake_data_49,fake_data_49,159,756,fake_data_49,fake_data_49,fake_data_49
